<?xml version="1.0" encoding="utf-8"?>
<!--Created using XmlSitemapGenerator.org - Free HTML, RSS and XML sitemap generator-->
<rss version="2.0">
  <channel>
    <title>linayachnin</title>
    <link>https://www.linayachnin.com</link>
    <description />
    <item>
      <guid>https://www.linayachnin.com/abstracts</guid>
      <title>
					Abstracts
				</title>
      <link>https://www.linayachnin.com/abstracts</link>
      <description>Lina Yachnin is a Canadian oil &amp; watercolour artist who paints landscapes, floral arrangements, and abstract images.</description>
    </item>
    <item>
      <guid>https://www.linayachnin.com/about</guid>
      <title>
					Artist&amp;rsquo;s Statement
				</title>
      <link>https://www.linayachnin.com/about</link>
      <description>Lina Yachnin is a Canadian oil &amp; watercolour artist who paints landscapes, floral arrangements, and abstract images.</description>
    </item>
    <item>
      <guid>https://www.linayachnin.com/available_works</guid>
      <title>
					Available Works
				</title>
      <link>https://www.linayachnin.com/available_works</link>
      <description>Lina Yachnin is a Canadian oil &amp; watercolour artist who paints landscapes, floral arrangements, and abstract images.</description>
    </item>
    <item>
      <guid>https://www.linayachnin.com/</guid>
      <title>
					Canadian Oil &amp;amp; Watercolour Artist
				</title>
      <link>https://www.linayachnin.com/</link>
      <description>Lina Yachnin is a Canadian oil &amp; watercolour artist who paints landscapes, floral arrangements, and abstract images.</description>
    </item>
    <item>
      <guid>https://www.linayachnin.com/index</guid>
      <title>
					Canadian Oil &amp;amp; Watercolour Artist
				</title>
      <link>https://www.linayachnin.com/index</link>
      <description>Lina Yachnin is a Canadian oil &amp; watercolour artist who paints landscapes, floral arrangements, and abstract images.</description>
    </item>
    <item>
      <guid>https://www.linayachnin.com/contact</guid>
      <title>
					Contact
				</title>
      <link>https://www.linayachnin.com/contact</link>
      <description>Lina Yachnin is a Canadian oil &amp; watercolour artist who paints landscapes, floral arrangements, and abstract images.</description>
    </item>
    <item>
      <guid>https://www.linayachnin.com/florals</guid>
      <title>
					Florals
				</title>
      <link>https://www.linayachnin.com/florals</link>
      <description>Lina Yachnin is a Canadian oil &amp; watercolour artist who paints landscapes, floral arrangements, and abstract images.</description>
    </item>
    <item>
      <guid>https://www.linayachnin.com/landscapes</guid>
      <title>
					Landscapes
				</title>
      <link>https://www.linayachnin.com/landscapes</link>
      <description>Lina Yachnin is a Canadian oil &amp; watercolour artist who paints landscapes, floral arrangements, and abstract images.</description>
    </item>
    <item>
      <guid>https://www.linayachnin.com/exhibitions</guid>
      <title>
					Sienna Gallery Exhibition
				</title>
      <link>https://www.linayachnin.com/exhibitions</link>
      <description>Lina Yachnin is a Canadian oil &amp; watercolour artist who paints landscapes, floral arrangements, and abstract images.</description>
    </item>
    <item>
      <guid>https://www.linayachnin.com/urbanscapes</guid>
      <title>
					Urbanscapes
				</title>
      <link>https://www.linayachnin.com/urbanscapes</link>
      <description>Lina Yachnin is a Canadian oil &amp; watercolour artist who paints landscapes, floral arrangements, and abstract images.</description>
    </item>
  </channel>
</rss>
<!--<guid value="" />-->
<!--Created using XmlSitemapGenerator.org - Free HTML, RSS and XML sitemap generator-->