New line,Div Class,Image Path,Img Class,Title,Available?,Dimensions,Media,Price,Price_str
TRUE,col-sm-4,img/Chelsea_Morning_II.jpg,portrait,Chelsea Morning II,TRUE,"20"" x 50""","Oil on gallery canvas, framed",1200,
FALSE,col-sm-4,img/Playful.jpg,portrait,Playful,TRUE,"18"" x 48""","Oil on gallery canvas, framed",1200,
FALSE,col-sm-4,img/Three_Birches.jpg,portrait,Three Birches,TRUE,"20"" x 50""","Oil on gallery canvas, framed",1200,
TRUE,col-sm-3,img/Timeless.jpg,portrait,Timeless,TRUE,"42"" x 50""","<b>Available at the Wakefill Mill</b><br/>Oil on gallery canvas, framed",2800,
FALSE,col-sm-3,img/Secret_Waters.jpg,portrait,Secret Waters,TRUE,"20"" x 50""","<b>Available at the Wakefill Mill</b><br/>Oil on gallery canvas, framed",1300,
FALSE,col-sm-3,img/Radiance.jpg,portrait,Radiance,TRUE,"20"" x 50""","<b>Available at the Wakefill Mill</b><br/>Oil on gallery canvas, framed",1300,
FALSE,col-sm-3,img/Through_the_Mist.jpg,portrait,Through the Mist,TRUE,"33"" x 39""","<b>Available at the Wakefill Mill</b><br/>Oil on gallery canvas, framed",1500,
TRUE,col-sm-3,img/Bright_Morning.jpg,landscape,Bright Morning,TRUE,"20"" x 50""","<b>Available at the Wakefill Mill</b><br/>Oil on gallery canvas, framed",1400,
FALSE,col-sm-3,img/Translucent.jpg,landscape,Translucent,TRUE,"40"" x 30""","<b>Available at the Wakefill Mill</b><br/>Oil on gallery canvas, framed",1400,
FALSE,col-sm-3,img/Untamed.jpg,landscape,Untamed,TRUE,"38"" x 50""","<b>Available at the Wakefill Mill</b><br/>Oil on gallery canvas, framed",2600,
FALSE,col-sm-3,img/Morning_Reflections.jpg,landscape,Morning Reflections,TRUE,"16"" x 31""","<b>Available at the Wakefill Mill</b><br/>Oil on gallery canvas, framed",700,
